{"cameraMode":{"drawMode":0,"name":"Shaded","section":"Shading Mode"},"sceneLighting":true,"audioPlay":false,"sceneViewState":{"m_AlwaysRefresh":false,"showFog":true,"showSkybox":true,"showFlares":true,"showImageEffects":true,"showParticleSystems":true,"showVisualEffectGraphs":true,"m_FxEnabled":true},"in2DMode":false,"pivot":{"x":-1.2621328830718995,"y":1.336991548538208,"z":-0.7241721749305725},"rotation":{"x":0.002746360143646598,"y":0.9892178773880005,"z":-0.14526882767677308,"w":0.01869887113571167},"size":5.229284763336182,"orthographic":false}